-- MariaDB dump 10.19  Distrib 10.4.32-MariaDB, for Win64 (AMD64)
--
-- Host: localhost    Database: toko_online
-- ------------------------------------------------------
-- Server version	10.4.32-MariaDB

/*!40101 SET @OLD_CHARACTER_SET_CLIENT=@@CHARACTER_SET_CLIENT */;
/*!40101 SET @OLD_CHARACTER_SET_RESULTS=@@CHARACTER_SET_RESULTS */;
/*!40101 SET @OLD_COLLATION_CONNECTION=@@COLLATION_CONNECTION */;
/*!40101 SET NAMES utf8mb4 */;
/*!40103 SET @OLD_TIME_ZONE=@@TIME_ZONE */;
/*!40103 SET TIME_ZONE='+00:00' */;
/*!40014 SET @OLD_UNIQUE_CHECKS=@@UNIQUE_CHECKS, UNIQUE_CHECKS=0 */;
/*!40014 SET @OLD_FOREIGN_KEY_CHECKS=@@FOREIGN_KEY_CHECKS, FOREIGN_KEY_CHECKS=0 */;
/*!40101 SET @OLD_SQL_MODE=@@SQL_MODE, SQL_MODE='NO_AUTO_VALUE_ON_ZERO' */;
/*!40111 SET @OLD_SQL_NOTES=@@SQL_NOTES, SQL_NOTES=0 */;

--
-- Table structure for table `buku`
--

DROP TABLE IF EXISTS `buku`;
/*!40101 SET @saved_cs_client     = @@character_set_client */;
/*!40101 SET character_set_client = utf8 */;
CREATE TABLE `buku` (
  `id_buku` int(11) NOT NULL AUTO_INCREMENT,
  `judul` varchar(100) DEFAULT NULL,
  `penulis` varchar(100) DEFAULT NULL,
  `harga` decimal(10,2) DEFAULT NULL,
  `stok` int(11) DEFAULT NULL,
  PRIMARY KEY (`id_buku`)
) ENGINE=InnoDB AUTO_INCREMENT=6 DEFAULT CHARSET=utf8mb4 COLLATE=utf8mb4_general_ci;
/*!40101 SET character_set_client = @saved_cs_client */;

--
-- Dumping data for table `buku`
--

LOCK TABLES `buku` WRITE;
/*!40000 ALTER TABLE `buku` DISABLE KEYS */;
INSERT INTO `buku` VALUES (1,'Buku Pemrograman PHP','John Doe',120000.00,15),(2,'Belajar MySQL untuk Pemula','Jane Smith',95000.00,20),(3,'Kiat Sukses Bisnis Online','Robert Johnson',75000.00,8),(4,'Sejarah Peradaban Dunia','Emily Brown',150000.00,8),(5,'Kumpulan Cerpen Modern','David Wilson',60000.00,25);
/*!40000 ALTER TABLE `buku` ENABLE KEYS */;
UNLOCK TABLES;

--
-- Table structure for table `pelanggan`
--

DROP TABLE IF EXISTS `pelanggan`;
/*!40101 SET @saved_cs_client     = @@character_set_client */;
/*!40101 SET character_set_client = utf8 */;
CREATE TABLE `pelanggan` (
  `id_pelanggan` int(11) NOT NULL AUTO_INCREMENT,
  `nama` varchar(100) DEFAULT NULL,
  `total_belanja` decimal(10,2) DEFAULT 0.00,
  `status_member` enum('REGULER','GOLD','PLATINUM') DEFAULT 'REGULER',
  PRIMARY KEY (`id_pelanggan`)
) ENGINE=InnoDB AUTO_INCREMENT=6 DEFAULT CHARSET=utf8mb4 COLLATE=utf8mb4_general_ci;
/*!40101 SET character_set_client = @saved_cs_client */;

--
-- Dumping data for table `pelanggan`
--

LOCK TABLES `pelanggan` WRITE;
/*!40000 ALTER TABLE `pelanggan` DISABLE KEYS */;
INSERT INTO `pelanggan` VALUES (1,'Andi Santoso',1392500.00,'PLATINUM'),(2,'Budi Raharjo',450000.00,'GOLD'),(3,'Citra Dewi',850000.00,'GOLD'),(4,'Dian Permata',250000.00,'REGULER'),(5,'Eko Prasetyo',0.00,'REGULER');
/*!40000 ALTER TABLE `pelanggan` ENABLE KEYS */;
UNLOCK TABLES;
/*!50003 SET @saved_cs_client      = @@character_set_client */ ;
/*!50003 SET @saved_cs_results     = @@character_set_results */ ;
/*!50003 SET @saved_col_connection = @@collation_connection */ ;
/*!50003 SET character_set_client  = cp850 */ ;
/*!50003 SET character_set_results = cp850 */ ;
/*!50003 SET collation_connection  = cp850_general_ci */ ;
/*!50003 SET @saved_sql_mode       = @@sql_mode */ ;
/*!50003 SET sql_mode              = 'NO_ZERO_IN_DATE,NO_ZERO_DATE,NO_ENGINE_SUBSTITUTION' */ ;
DELIMITER ;;
/*!50003 CREATE*/ /*!50017 DEFINER=`root`@`localhost`*/ /*!50003 TRIGGER update_status_member_otomatis
AFTER UPDATE ON pelanggan
FOR EACH ROW
BEGIN
    DECLARE new_status VARCHAR(10);
    
    
    IF NEW.total_belanja >= 5000000 THEN
        SET new_status = 'PLATINUM';
    ELSEIF NEW.total_belanja >= 1000000 THEN
        SET new_status = 'GOLD';
    ELSE
        SET new_status = 'REGULER';
    END IF;
    
    
    IF NEW.status_member != new_status THEN
        UPDATE pelanggan 
        SET status_member = new_status 
        WHERE id_pelanggan = NEW.id_pelanggan;
    END IF;
END */;;
DELIMITER ;
/*!50003 SET sql_mode              = @saved_sql_mode */ ;
/*!50003 SET character_set_client  = @saved_cs_client */ ;
/*!50003 SET character_set_results = @saved_cs_results */ ;
/*!50003 SET collation_connection  = @saved_col_connection */ ;

--
-- Table structure for table `transaksi`
--

DROP TABLE IF EXISTS `transaksi`;
/*!40101 SET @saved_cs_client     = @@character_set_client */;
/*!40101 SET character_set_client = utf8 */;
CREATE TABLE `transaksi` (
  `id_transaksi` int(11) NOT NULL AUTO_INCREMENT,
  `id_pelanggan` int(11) DEFAULT NULL,
  `id_buku` int(11) DEFAULT NULL,
  `jumlah` int(11) DEFAULT NULL,
  `total_harga` decimal(10,2) DEFAULT NULL,
  `tanggal_transaksi` date DEFAULT NULL,
  PRIMARY KEY (`id_transaksi`),
  KEY `id_pelanggan` (`id_pelanggan`),
  KEY `id_buku` (`id_buku`),
  CONSTRAINT `transaksi_ibfk_1` FOREIGN KEY (`id_pelanggan`) REFERENCES `pelanggan` (`id_pelanggan`),
  CONSTRAINT `transaksi_ibfk_2` FOREIGN KEY (`id_buku`) REFERENCES `buku` (`id_buku`)
) ENGINE=InnoDB AUTO_INCREMENT=7 DEFAULT CHARSET=utf8mb4 COLLATE=utf8mb4_general_ci;
/*!40101 SET character_set_client = @saved_cs_client */;

--
-- Dumping data for table `transaksi`
--

LOCK TABLES `transaksi` WRITE;
/*!40000 ALTER TABLE `transaksi` DISABLE KEYS */;
INSERT INTO `transaksi` VALUES (1,1,2,3,270750.00,'2025-05-10'),(2,2,1,1,120000.00,'2025-05-15'),(3,3,4,2,285000.00,'2025-05-20'),(4,1,3,5,356250.00,'2025-06-01'),(5,4,5,1,60000.00,'2025-06-05'),(6,1,3,2,142500.00,'2025-06-07');
/*!40000 ALTER TABLE `transaksi` ENABLE KEYS */;
UNLOCK TABLES;
/*!40103 SET TIME_ZONE=@OLD_TIME_ZONE */;

/*!40101 SET SQL_MODE=@OLD_SQL_MODE */;
/*!40014 SET FOREIGN_KEY_CHECKS=@OLD_FOREIGN_KEY_CHECKS */;
/*!40014 SET UNIQUE_CHECKS=@OLD_UNIQUE_CHECKS */;
/*!40101 SET CHARACTER_SET_CLIENT=@OLD_CHARACTER_SET_CLIENT */;
/*!40101 SET CHARACTER_SET_RESULTS=@OLD_CHARACTER_SET_RESULTS */;
/*!40101 SET COLLATION_CONNECTION=@OLD_COLLATION_CONNECTION */;
/*!40111 SET SQL_NOTES=@OLD_SQL_NOTES */;

-- Dump completed on 2025-06-07 20:43:58
